<?xml version="1.0" encoding="UTF-8"?>
<beans:beans xmlns="http://www.springframework.org/schema/mvc"
	xmlns:xsi="http://www.w3.org/2001/XMLSchema-instance"
	xmlns:beans="http://www.springframework.org/schema/beans"
	xmlns:context="http://www.springframework.org/schema/context"
	xmlns:security="http://www.springframework.org/schema/security"
	xmlns:aop="http://www.springframework.org/schema/aop"
	xmlns:tx="http://www.springframework.org/schema/tx"	
	xsi:schemaLocation="http://www.springframework.org/schema/mvc http://www.springframework.org/schema/mvc/spring-mvc.xsd
	     http://www.springframework.org/schema/tx http://www.springframework.org/schema/tx/spring-tx-3.2.xsd  
		http://www.springframework.org/schema/security http://www.springframework.org/schema/security/spring-security.xsd
		http://www.springframework.org/schema/beans http://www.springframework.org/schema/beans/spring-beans.xsd
		http://www.springframework.org/schema/aop http://www.springframework.org/schema/aop/spring-aop-4.0.xsd
		http://www.springframework.org/schema/context http://www.springframework.org/schema/context/spring-context.xsd">

	<!-- DispatcherServlet Context: defines this servlet's request-processing infrastructure -->
	
	<!-- Enables the Spring MVC @Controller programming model -->
	<annotation-driven />
	
	

	<!-- Handles HTTP GET requests for /resources/** by efficiently serving up static resources in the ${webappRoot}/resources directory -->
	<resources mapping="/resources/**" location="/resources/" />

	<!-- Resolves views selected for rendering by @Controllers to .jsp resources in the /WEB-INF/views directory -->
	<beans:bean class="org.springframework.web.servlet.view.InternalResourceViewResolver">
		<beans:property name="prefix" value="/WEB-INF/views/" />
		<beans:property name="suffix" value=".jsp" />
	</beans:bean>
	
	<context:component-scan base-package="com.ust.bookstore" />
	<resources location="/resources/" mapping="/resources/**" />
	
	
	<beans:bean id="dataSource"
       class="org.springframework.jdbc.datasource.DriverManagerDataSource">
    <beans:property name="driverClassName" value="com.mysql.jdbc.Driver"/>
    <beans:property name="url" value="jdbc:mysql://localhost:3306/bookstore"/>
    <beans:property name="username" value="root"/>
    <beans:property name="password" value="vignesh"/>
</beans:bean>

	<beans:bean id="sessionFactory"
		class="org.springframework.orm.hibernate3.annotation.AnnotationSessionFactoryBean">
		<beans:property name="dataSource" ref="dataSource" />
		<beans:property name="annotatedClasses">
			<beans:list>
				<beans:value>com.ust.bookstore.entities.UserAccount</beans:value>
				<beans:value>com.ust.bookstore.entities.Book</beans:value>
			</beans:list>
		</beans:property>
		<beans:property name="hibernateProperties">
			<beans:props>
				<beans:prop key="hibernate.dialect">${hibernate.dialect}</beans:prop>
				<beans:prop key="hibernate.show_sql">${hibernate.show_sql}</beans:prop>				
			</beans:props>
		</beans:property>
	</beans:bean>
   <tx:annotation-driven/>
	<beans:bean id="transactionManager"
        class="org.springframework.orm.hibernate3.HibernateTransactionManager">
        <beans:property name="sessionFactory" ref="sessionFactory" />
    </beans:bean>
	
	<beans:bean id="messageSource" class="org.springframework.context.support.ReloadableResourceBundleMessageSource">
     
         <beans:property name="basename" value="classpath:resourcebundles/messages" />

   
	</beans:bean>


</beans:beans>
