<beans:beans xmlns="http://www.springframework.org/schema/security"
	xmlns:beans="http://www.springframework.org/schema/beans" 
	xmlns:tx="http://www.springframework.org/schema/tx"	
	xmlns:xsi="http://www.w3.org/2001/XMLSchema-instance"
	xmlns:aop="http://www.springframework.org/schema/aop"
	xsi:schemaLocation="http://www.springframework.org/schema/beans
	http://www.springframework.org/schema/beans/spring-beans-3.0.xsd
	 http://www.springframework.org/schema/tx http://www.springframework.org/schema/tx/spring-tx-3.2.xsd 
	 http://www.springframework.org/schema/aop http://www.springframework.org/schema/aop/spring-aop-4.0.xsd
	http://www.springframework.org/schema/security
	http://www.springframework.org/schema/security/spring-security-3.1.xsd">
 
	<!--  <http auto-config="true">
		<intercept-url pattern="/*" access="ROLE_USER" />
	</http>
 
	<authentication-manager>
	  <authentication-provider>
	    <user-service>
		<user name="admin" password="123456" authorities="ROLE_USER" />
	    </user-service>
	  </authentication-provider>
	</authentication-manager>  -->
	
	<http auto-config="true">
	<intercept-url pattern="/home*" access="ROLE_USER" />
		<form-login login-page="/success" default-target-url="/success"
			authentication-failure-url="/" />
	</http>
 
 <beans:bean id="dataSource"
       class="org.springframework.jdbc.datasource.DriverManagerDataSource">
    <beans:property name="driverClassName" value="com.mysql.jdbc.Driver"/>
    <beans:property name="url" value="jdbc:mysql://localhost:3306/bookstore"/>
    <beans:property name="username" value="root"/>
    <beans:property name="password" value="vignesh"/>
</beans:bean>


	
	<authentication-manager>
	   <authentication-provider>
		<jdbc-user-service data-source-ref="dataSource"
 
		   users-by-username-query="
		      select username,password, enabled 
		      from users where username=?" 
 
		   authorities-by-username-query="
		      select u.username, ur.authority from users u, user_roles ur 
		      where u.user_id = ur.user_id and u.username =?  " 
 
		/>
	   </authentication-provider>
	</authentication-manager>
	
 <aop:aspectj-autoproxy proxy-target-class="true"/>
<beans:bean name="authenticationAdvisor" class="com.ust.bookadvice.AuthenticationAdvisor" />

 	
</beans:beans>